1001,-86.63755,32.53486
1003,-87.71808,30.72992
1005,-85.38838,31.86405
1007,-87.12274,33.00108
1009,-86.57514,33.98296
1013,-86.68161,31.75465
1015,-85.81484,33.76904
1017,-85.39277,32.91584
1019,-85.60293,34.17524
1021,-86.70151,32.84674
1023,-88.26417,32.01973
1025,-87.83481,31.68220
1027,-85.86244,33.26564
1029,-85.51526,33.66610
1031,-85.98760,31.40240
1033,-87.81490,34.70111
1039,-86.45193,31.25088
1041,-86.31983,31.73520
1043,-86.88000,34.13076
1045,-85.61096,31.43037
1047,-87.10887,32.32644
1049,-85.80944,34.46035
1051,-86.14617,32.60027
1053,-87.15649,31.12682
1055,-86.02555,34.04226
1057,-87.73701,33.72346
1059,-87.84290,34.44235
1061,-85.83821,31.09567
1065,-87.62567,32.76492
1067,-85.24290,31.51130
1069,-85.29960,31.15284
1071,-85.99054,34.78634
1073,-86.90350,33.55655
1075,-88.09822,33.77740
1077,-87.65269,34.90225
1079,-87.31613,34.52226
1081,-85.34786,32.60401
1083,-86.99146,34.81559
1087,-85.68868,32.39946
1089,-86.54819,34.76089
1091,-87.78431,32.25357
1093,-87.88795,34.13604
1095,-86.30588,34.36947
1097,-88.20091,30.78050
1099,-87.36530,31.57388
1101,-86.20203,32.22186
1103,-86.85939,34.45384
1107,-88.08925,33.27947
1109,-85.94378,31.80308
1111,-85.45935,33.29146
1113,-85.18622,32.28776
1115,-86.31813,33.72095
1117,-86.66500,33.26791
1121,-86.16659,33.38110
1123,-85.79577,32.86345
1125,-87.52619,33.28639
1127,-87.30110,33.80326
1129,-88.20858,31.40726
1133,-87.38248,34.15220
2020,-149.14930,61.15070
2090,-146.57366,64.80698
2110,-134.22116,58.46410
2122,-151.53252,60.25023
2170,-149.58033,62.31442
4003,-109.75107,31.87947
4005,-111.77322,35.83975
4007,-110.80998,33.80289
4009,-109.88639,32.92695
4012,-113.98723,33.73255
4013,-112.48943,33.35093
4015,-113.75526,35.70482
4017,-110.32389,35.40709
4019,-111.78992,32.09724
4021,-111.34413,32.90723
4023,-110.84632,31.52536
4025,-112.55667,34.59988
4027,-113.90486,32.76952
5001,-91.37428,34.29643
5003,-91.76174,33.19226
5005,-92.34159,36.29057
5007,-94.25736,36.34071
5009,-93.08394,36.31014
5015,-93.53941,36.34226
5019,-93.18199,34.05134
5021,-90.42220,36.36772
5023,-92.02667,35.53820
5027,-93.23039,33.21574
5029,-92.70664,35.27542
5031,-90.62871,35.83572
5033,-94.24290,35.59410
5035,-90.31493,35.20946
5037,-90.77156,35.29457
5043,-91.71767,33.58944
5045,-92.34111,35.14260
5047,-93.88699,35.51814
5051,-93.14931,34.57464
5055,-90.54931,36.12520
5057,-93.66468,33.73894
5059,-92.95568,34.31507
5061,-93.99323,34.08594
5063,-91.56842,35.73587
5067,-91.21511,35.60091
5069,-91.92629,34.26260
5071,-93.45960,35.57123
5083,-93.71026,35.21759
5085,-91.89269,34.75419
5087,-93.72312,36.00620
5091,-93.88804,33.31688
5093,-90.05143,35.76099
5103,-92.88703,33.58937
5111,-90.66317,35.57320
5113,-94.22950,34.48388
5115,-93.04043,35.44763
5119,-92.31743,34.76659
5121,-91.02861,36.33408
5125,-92.67556,34.64082
5131,-94.26624,35.20336
5133,-94.24580,33.99634
5135,-91.48754,36.15594
5139,-92.59515,33.17016
5141,-92.51994,35.57910
5143,-94.20602,35.98616
5145,-91.75777,35.25374
6001,-121.88111,37.63907
6005,-120.66154,38.44371
6007,-121.59783,39.67213
6009,-120.54911,38.21042
6013,-121.94162,37.91909
6015,-123.90990,41.74310
6017,-120.52651,38.78343
6019,-119.65553,36.75743
6021,-122.38720,39.59572
6023,-123.88018,40.70100
6025,-115.37225,33.03898
6029,-118.73544,35.33905
6031,-119.81072,36.07486
6033,-122.74941,39.10045
6035,-120.59832,40.67673
6037,-118.22827,34.29998
6039,-119.74833,37.22205
6041,-122.72003,38.07697
6045,-123.39102,39.44255
6047,-120.70916,37.19095
6051,-118.88867,37.93848
6053,-121.24970,36.21392
6055,-122.33689,38.50722
6057,-120.76491,39.29794
6059,-117.75354,33.69891
6061,-120.71044,39.06299
6065,-115.99938,33.73987
6067,-121.34842,38.44512
6069,-121.07821,36.60582
6071,-116.18764,34.84359
6073,-116.74108,33.03204
6075,-122.44633,37.74932
6077,-121.26944,37.93290
6079,-120.40924,35.39269
6081,-122.32395,37.42705
6083,-120.03278,34.65650
6085,-121.69244,37.23190
6087,-121.99280,37.05401
6089,-122.03752,40.76580
6093,-122.54444,41.59595
6095,-121.93839,38.27028
6097,-122.89791,38.52692
6099,-120.99582,37.55766
6101,-121.69038,39.03298
6103,-122.24021,40.12797
6107,-118.79670,36.22257
6109,-119.95935,38.03111
6111,-119.09724,34.45488
6113,-121.89364,38.68305
6115,-121.34093,39.26752
8001,-104.33488,39.87440
8005,-104.33370,39.65005
8013,-105.36294,40.09160
8014,-105.04747,39.96666
8029,-107.86304,38.85778
8031,-104.86808,39.76152
8035,-104.93157,39.32867
8037,-106.69713,39.62976
8039,-104.13588,39.28657
8041,-104.53038,38.83341
8043,-105.43906,38.47670
8045,-107.90830,39.59912
8049,-106.12287,40.10146
8059,-105.24817,39.59143
8067,-107.83846,37.28814
8069,-105.46023,40.66670
8075,-103.10926,40.72460
8077,-108.46146,39.01934
8083,-108.59401,37.33790
8085,-108.26202,38.40197
8087,-103.80885,40.26276
8089,-103.71861,37.90381
8097,-106.90735,39.21589
8101,-104.50865,38.17647
8107,-106.99432,40.48433
8117,-106.11776,39.63156
8119,-105.16755,38.88754
8123,-104.39262,40.55472
9001,-73.38497,41.25771
9003,-72.72127,41.79496
9005,-73.24707,41.78896
9007,-72.53023,41.45955
9009,-72.92720,41.40690
9011,-72.10905,41.48472
9013,-72.32354,41.86431
9015,-71.98597,41.82792
10001,-75.57255,39.08802
10003,-75.64303,39.58219
10005,-75.38973,38.66460
11001,-77.01358,38.89439
12001,-82.35915,29.68326
12003,-82.28301,30.33250
12005,-85.61673,30.25840
12007,-82.15806,29.95926
12009,-80.72994,28.29877
12011,-80.48735,26.15355
12015,-81.92788,26.90473
12017,-82.47722,28.84561
12019,-81.85468,29.98671
12021,-81.34594,26.11062
12023,-82.62238,30.21913
12027,-81.80989,27.18605
12031,-81.67121,30.33422
12033,-87.36944,30.68249
12035,-81.30510,29.46469
12039,-84.61198,30.57836
12041,-82.79228,29.73109
12045,-85.22972,29.93578
12049,-81.80971,27.49294
12051,-81.16458,26.55385
12053,-82.42842,28.55889
12055,-81.34107,27.34149
12057,-82.32406,27.92721
12059,-85.81167,30.87031
12061,-80.60762,27.70058
12063,-85.21239,30.79546
12069,-81.70814,28.76646
12071,-81.88265,26.58863
12073,-84.27109,30.45452
12075,-82.74030,29.32021
12079,-83.47410,30.43962
12081,-82.31737,27.47235
12083,-82.06401,29.20787
12085,-80.43510,27.08081
12086,-80.54945,25.61856
12087,-81.05027,25.24601
12089,-81.80370,30.61274
12091,-86.59278,30.68756
12093,-80.88901,27.38652
12095,-81.31659,28.51257
12097,-81.14707,28.06045
12099,-80.46643,26.64712
12101,-82.41191,28.31011
12103,-82.73247,27.92838
12105,-81.69703,27.94923
12107,-81.74410,29.60280
12109,-81.43495,29.90202
12111,-80.46922,27.37783
12113,-87.01968,30.69047
12115,-82.33767,27.18712
12117,-81.23496,28.71987
12119,-82.07736,28.70795
12121,-82.99486,30.19231
12123,-83.59850,30.04311
12127,-81.17247,29.06272
12129,-84.39453,30.16255
12131,-86.16959,30.63859
12133,-85.67030,30.60019
13001,-82.29107,31.74811
13005,-82.46280,31.55646
13009,-83.25095,33.07219
13011,-83.49366,34.34628
13013,-83.71354,34.00537
13015,-84.83823,34.24014
13017,-83.21330,31.76104
13019,-83.22871,31.27844
13021,-83.68602,32.81351
13023,-83.32715,32.43348
13025,-81.97583,31.19716
13027,-83.57380,30.84301
13029,-81.43424,32.00732
13031,-81.74393,32.39761
13033,-82.00180,33.06379
13035,-83.96184,33.28755
13039,-81.66734,30.94389
13045,-85.08467,33.58379
13047,-85.14899,34.90440
13051,-81.11603,31.99377
13055,-85.34264,34.47722
13057,-84.47633,34.24899
13059,-83.36465,33.95463
13063,-84.36177,33.53172
13067,-84.58133,33.94036
13069,-82.85375,31.55070
13071,-83.76919,31.19349
13073,-82.25967,33.54194
13075,-83.43524,31.16711
13077,-84.75722,33.34849
13081,-83.77030,31.92195
13083,-85.50178,34.86351
13085,-84.16614,34.44512
13087,-84.58676,30.87806
13089,-84.22060,33.77474
13091,-83.16508,32.17108
13095,-84.21921,31.53566
13097,-84.78095,33.69953
13103,-81.33632,32.35802
13105,-82.84163,34.12144
13107,-82.29230,32.58573
13111,-84.32523,34.86331
13113,-84.48802,33.40651
13115,-85.21520,34.26158
13117,-84.12677,34.22305
13119,-83.22716,34.37439
13121,-84.46783,33.78872
13123,-84.45797,34.69027
13127,-81.53748,31.23973
13129,-84.87877,34.50705
13131,-84.23863,30.87608
13133,-83.16812,33.58614
13135,-84.01123,33.96910
13137,-83.52912,34.61598
13139,-83.81592,34.32395
13143,-85.21137,33.79545
13145,-84.91203,32.73713
13147,-82.96088,34.35303
13151,-84.15635,33.45489
13153,-83.67128,32.45233
13157,-83.56101,34.13477
13159,-83.68877,33.31531
13161,-82.63950,31.80493
13163,-82.41962,33.04612
13169,-83.56179,33.02905
13171,-84.14606,33.08221
13175,-82.92038,32.45862
13177,-84.15607,31.78496
13179,-81.48431,31.82072
13183,-81.74669,31.75945
13185,-83.25876,30.83166
13187,-83.99906,34.57437
13189,-82.48046,33.47335
13195,-83.21097,34.12773
13199,-84.68531,33.03515
13205,-84.19270,31.23036
13207,-83.92498,33.00972
13211,-83.49691,33.59140
13213,-84.74618,34.78786
13215,-84.87322,32.50730
13217,-83.85846,33.55757
13219,-83.43605,33.83998
13221,-83.06906,33.88432
13223,-84.87237,33.92568
13225,-83.82456,32.56108
13227,-84.46887,34.47330
13229,-82.21264,31.35868
13231,-84.38712,33.08310
13233,-85.19120,34.00221
13237,-83.37425,33.32391
13241,-83.40371,34.87456
13245,-82.08435,33.35830
13247,-84.02561,33.65978
13251,-81.60543,32.74696
13255,-84.29948,33.25643
13257,-83.29311,34.54892
13261,-84.19640,32.04035
13267,-82.05326,32.04123
13275,-83.92216,30.86924
13277,-83.52341,31.45516
13279,-82.32491,32.11945
13285,-85.03010,33.03275
13291,-83.98407,34.83665
13293,-84.29394,32.87850
13295,-85.30279,34.73170
13297,-83.73296,33.78283
13299,-82.41969,31.04678
13303,-82.80108,32.97320
13305,-81.91575,31.55140
13311,-83.74397,34.64837
13313,-84.97139,34.81201
13321,-83.85542,31.55033
15001,-155.52111,19.59883
15003,-157.96873,21.44462
15007,-159.57803,22.04165
15009,-156.58622,20.86913
16001,-116.24508,43.45738
16005,-112.22401,42.67016
16011,-112.39799,43.21630
16017,-116.59714,48.29848
16019,-111.61716,43.38734
16027,-116.72012,43.62975
16031,-113.59897,42.28174
16039,-115.46671,43.35306
16045,-116.40411,44.05132
16051,-112.31778,43.82158
16053,-114.25761,42.67869
16055,-116.70023,47.67696
16057,-116.71137,46.81203
16065,-111.66612,43.78099
16067,-113.64246,42.84268
16069,-116.75030,46.32745
16075,-116.77398,44.00574
16083,-114.67042,42.34808
17001,-91.18025,39.98729
17005,-89.43231,38.88121
17007,-88.82344,42.32358
17011,-89.52616,41.40352
17015,-89.93789,42.06876
17017,-90.25129,39.97459
17019,-88.19805,40.13953
17021,-89.27826,39.54570
17023,-87.78834,39.32730
17025,-88.48426,38.75096
17027,-89.42767,38.60484
17029,-88.21668,39.52480
17031,-87.81851,41.83776
17033,-87.76187,39.00036
17037,-88.76840,41.89353
17039,-88.90227,40.17386
17041,-88.21846,39.77462
17043,-88.09076,41.85248
17045,-87.74452,39.67851
17049,-88.58970,39.05936
17051,-89.02336,39.00123
17053,-88.22358,40.59711
17055,-88.93183,37.99234
17057,-90.20626,40.47257
17063,-88.41961,41.28613
17067,-91.16353,40.40252
17073,-90.13333,41.35507
17075,-87.82490,40.74711
17077,-89.38074,37.77991
17081,-88.92289,38.30056
17083,-90.35464,39.08715
17085,-90.20326,42.36603
17089,-88.42679,41.93874
17091,-87.86276,41.13748
17093,-88.42852,41.59092
17095,-90.21329,40.93156
17097,-88.00377,42.32117
17099,-88.88639,41.34405
17103,-89.29824,41.74718
17105,-88.55782,40.89190
17109,-90.67776,40.45675
17111,-88.45280,42.32446
17113,-88.84790,40.48963
17115,-88.96018,39.85822
17117,-89.92424,39.26120
17119,-89.90896,38.83267
17121,-88.91899,38.64963
17125,-89.91179,40.23293
17127,-88.70553,37.21763
17131,-90.74630,41.20486
17133,-90.17588,38.27775
17135,-89.47844,39.22666
17137,-90.19915,39.71539
17139,-88.61556,39.64208
17141,-89.32114,42.04273
17143,-89.75864,40.78538
17145,-89.37121,38.08618
17147,-88.59016,40.01054
17157,-89.82083,38.05320
17159,-88.08066,38.71208
17161,-90.57900,41.46626
17163,-89.93278,38.47055
17165,-88.54121,37.75333
17167,-89.65154,39.76197
17173,-88.80412,39.39254
17179,-89.50757,40.51091
17181,-89.24830,37.46457
17183,-87.73239,40.18512
17189,-89.40611,38.35218
17191,-88.42752,38.42761
17193,-88.17079,38.08727
17195,-89.92065,41.75587
17197,-87.97907,41.44685
17199,-88.92994,37.73034
17201,-89.16408,42.33749
17203,-89.20052,40.79074
18001,-84.93671,40.74577
18003,-85.06402,41.09106
18005,-85.89549,39.21214
18011,-86.46828,40.05162
18015,-86.55983,40.58476
18017,-86.34407,40.76295
18019,-85.70959,38.47203
18021,-87.11127,39.39197
18023,-86.47579,40.30202
18027,-87.06889,38.70560
18029,-84.96951,39.14790
18031,-85.50262,39.31492
18033,-84.99908,41.39805
18035,-85.39733,40.22787
18037,-86.87859,38.36357
18039,-85.85876,41.59761
18041,-85.17798,39.63685
18043,-85.90703,38.31395
18045,-87.23818,40.11735
18047,-85.06433,39.41101
18049,-86.26253,41.04699
18051,-87.59976,38.31300
18053,-85.65469,40.51587
18055,-86.96241,39.03629
18057,-86.05245,40.07307
18059,-85.76898,39.82253
18061,-86.11950,38.20314
18063,-86.50606,39.77287
18065,-85.39640,39.93166
18067,-86.11797,40.47778
18069,-85.48822,40.82907
18071,-86.04617,38.90614
18073,-87.11180,41.02283
18075,-85.00802,40.43793
18077,-85.43243,38.77974
18079,-85.62415,38.99962
18081,-86.10149,39.48994
18083,-87.41558,38.69692
18085,-85.86411,41.24471
18087,-85.42674,41.64232
18089,-87.38132,41.43316
18091,-86.74474,41.55363
18093,-86.48923,38.83771
18095,-85.71965,40.16144
18097,-86.13661,39.78182
18099,-86.26680,41.32625
18103,-86.04525,40.76940
18105,-86.52426,39.16255
18107,-86.89335,40.04035
18109,-86.45267,39.48257
18113,-85.41738,41.40010
18117,-86.49850,38.54805
18119,-86.84370,39.30878
18123,-86.63124,38.07393
18127,-87.06975,41.46826
18129,-87.86156,38.01491
18133,-86.84292,39.66640
18135,-85.01073,40.15771
18137,-85.26394,39.09728
18139,-85.46328,39.61801
18141,-86.29692,41.61545
18143,-85.74412,38.68453
18145,-85.79521,39.52656
18147,-87.01547,38.00767
18149,-86.65698,41.28255
18151,-85.00231,41.64359
18153,-87.41851,39.09078
18157,-86.89414,40.38873
18159,-86.04696,40.30409
18163,-87.58446,38.02029
18165,-87.45820,39.85485
18167,-87.38603,39.43103
18169,-85.79331,40.84737
18173,-87.26961,38.09092
18175,-86.10537,38.59366
18177,-85.01206,39.86178
18179,-85.22131,40.72936
18181,-86.86349,40.74697
18183,-85.49814,41.14259
19011,-92.06464,42.08012
19013,-92.30996,42.47016
19015,-93.93140,42.03657
19017,-92.31796,42.77461
19019,-91.83734,42.47090
19021,-95.15100,42.73546
19023,-92.79016,42.73173
19027,-94.86033,42.03617
19029,-94.92792,41.33149
19031,-91.13251,41.77235
19033,-93.26122,43.08178
19041,-95.15096,43.08247
19045,-90.53811,41.89518
19047,-95.38197,42.03718
19049,-94.03300,41.68637
19055,-91.36645,42.47105
19057,-91.19834,40.91944
19059,-95.15100,43.37779
19061,-90.88067,42.47071
19065,-91.84412,42.86272
19067,-92.78940,43.06001
19077,-94.49180,41.68372
19079,-93.71642,42.38392
19081,-93.73455,43.08178
19083,-93.24795,42.38386
19085,-95.80840,41.68327
19087,-91.55111,40.99138
19095,-92.06434,41.68630
19097,-90.57274,42.17261
19099,-93.04998,41.68594
19101,-91.94849,41.03192
19103,-91.58755,41.67164
19105,-91.13142,42.12118
19109,-94.20691,43.20405
19111,-91.47537,40.65423
19113,-91.59812,42.07924
19121,-94.01539,41.33289
19123,-92.64084,41.33522
19125,-93.09935,41.33445
19127,-92.99908,42.03587
19129,-95.61847,41.03213
19139,-91.11235,41.48356
19141,-95.62474,43.08311
19145,-95.15002,40.73924
19149,-96.21472,42.73716
19153,-93.56829,41.68270
19155,-95.54317,41.33630
19157,-92.52962,41.68650
19163,-90.62939,41.63948
19167,-96.17379,43.08142
19169,-93.46499,42.03621
19171,-92.53267,42.07992
19175,-94.24235,41.02773
19179,-92.40955,41.03065
19181,-93.56124,41.33147
19183,-91.71726,41.33577
19187,-94.19035,42.42779
19191,-91.84423,43.29094
19193,-96.04465,42.38988
19197,-93.73515,42.73305
20001,-95.30263,37.88551
20009,-98.75694,38.47858
20011,-94.84982,37.85511
20015,-96.83879,37.78134
20021,-94.84624,37.16934
20035,-96.83777,37.23781
20037,-94.85250,37.50676
20041,-97.14466,38.86751
20045,-95.29132,38.88536
20051,-99.31752,38.91459
20055,-100.73495,38.04430
20057,-99.89025,37.69259
20059,-95.28304,38.56448
20061,-96.74729,38.99989
20079,-97.42748,38.04294
20087,-95.38319,39.23431
20091,-94.82151,38.88479
20099,-95.29850,37.19113
20103,-95.03695,39.19942
20111,-96.15274,38.45636
20113,-97.64770,38.39185
20121,-94.83629,38.56347
20125,-95.74317,37.19228
20133,-95.30682,37.55827
20139,-95.72545,38.65229
20149,-96.34310,39.37524
20155,-98.08657,37.95349
20161,-96.73532,39.29285
20169,-97.64947,38.78411
20173,-97.46082,37.68427
20175,-100.85535,37.19193
20177,-95.75749,39.04162
20191,-97.47773,37.23684
20209,-94.76176,39.11813
21003,-86.18653,36.75208
21005,-84.98572,38.00509
21009,-85.92690,36.97695
21015,-84.73297,38.96863
21017,-84.21819,38.21668
21019,-82.69188,38.34981
21021,-84.87012,37.62728
21027,-86.42273,37.76733
21029,-85.67927,37.97591
21035,-88.27873,36.62216
21037,-84.37771,38.94521
21043,-83.04415,38.32439
21047,-87.49094,36.89482
21049,-84.14758,37.96895
21059,-87.07949,37.72244
21067,-84.45466,38.03852
21071,-82.74312,37.55733
21073,-84.87644,38.24049
21079,-84.53495,37.63672
21081,-84.62148,38.64778
21083,-88.65053,36.72319
21085,-86.34848,37.46101
21089,-82.92727,38.55196
21093,-85.96447,37.70132
21095,-83.22242,36.86113
21097,-84.33917,38.44683
21099,-85.88732,37.30272
21101,-87.55685,37.78629
21103,-85.11455,38.44841
21107,-87.53790,37.31489
21111,-85.67208,38.17691
21113,-84.58506,37.86721
21115,-82.83089,37.84002
21117,-84.53703,38.93204
21119,-82.94811,37.35267
21121,-83.85240,36.89935
21125,-84.12252,37.10884
21133,-82.84744,37.12473
21137,-84.65680,37.45817
21141,-86.86892,36.85327
21145,-88.70210,37.05404
21151,-84.27134,37.71451
21155,-85.26918,37.55002
21157,-88.32999,36.87963
21161,-83.82491,38.59389
21163,-86.21584,37.96174
21167,-84.87591,37.80758
21173,-83.92000,38.03664
21177,-87.14662,37.22240
21179,-85.46927,37.80621
21183,-86.85132,37.47615
21185,-85.43751,38.40251
21199,-84.57226,37.10653
21205,-83.42016,38.20003
21207,-85.04383,37.00008
21209,-84.58829,38.28604
21211,-85.20480,38.21632
21213,-86.56643,36.73493
21215,-85.31878,38.02994
21217,-85.32938,37.35827
21227,-86.42419,36.99369
21235,-84.13325,36.76359
21239,-84.74085,38.04147
22001,-92.42236,30.28822
22005,-90.91083,30.19233
22009,-91.99289,31.07857
22011,-93.33861,30.64891
22015,-93.59874,32.66794
22017,-93.88516,32.58580
22019,-93.34830,30.22571
22029,-91.63594,31.43848
22031,-93.73450,32.04901
22033,-91.09327,30.53375
22037,-91.04109,30.84820
22045,-91.75745,29.86734
22047,-91.35006,30.25752
22051,-90.10905,29.74604
22055,-92.07165,30.20095
22057,-90.40161,29.52738
22061,-92.66198,32.59726
22063,-90.72064,30.43884
22067,-91.79598,32.81747
22069,-93.09777,31.72477
22071,-89.93459,30.07465
22073,-92.14647,32.48034
22075,-89.61001,29.42298
22077,-91.60560,30.71099
22079,-92.53842,31.20023
22085,-93.55283,31.56520
22087,-89.52466,29.87598
22089,-90.35590,29.90413
22093,-90.77747,30.01555
22095,-90.46255,30.13221
22097,-92.00130,30.59297
22099,-91.59550,30.10834
22101,-91.46146,29.68861
22103,-89.95719,30.41879
22105,-90.40423,30.63308
22109,-90.82173,29.37600
22111,-92.37687,32.83208
22113,-92.29653,29.83485
22115,-93.18966,31.10579
22117,-90.03183,30.85494
22119,-93.32717,32.71551
22121,-91.32792,30.47403
23001,-70.20616,44.17528
23003,-68.60281,46.65809
23005,-70.36218,43.83944
23007,-70.44512,44.97099
23009,-68.38702,44.59180
23011,-69.76305,44.40765
23013,-69.09818,44.12456
23015,-69.53546,44.06324
23017,-70.76346,44.49681
23019,-68.65139,45.39881
23023,-69.84673,43.95047
23025,-69.95938,45.51117
23027,-69.13776,44.48897
23029,-67.62535,45.01745
23031,-70.71331,43.48964
24001,-78.69459,39.62156
24003,-76.60403,39.00805
24005,-76.62900,39.45794
24009,-76.56385,38.55587
24011,-75.82531,38.85292
24013,-77.01945,39.55883
24015,-75.95268,39.56764
24017,-76.97880,38.51310
24019,-76.03755,38.45433
24021,-77.39453,39.46308
24023,-79.27093,39.52877
24025,-76.30829,39.54052
24027,-76.90863,39.25081
24029,-76.03778,39.24668
24031,-77.18448,39.14050
24033,-76.84954,38.81920
24035,-76.00944,39.06442
24037,-76.60587,38.30960
24039,-75.74083,38.11264
24041,-76.10928,38.76914
24043,-77.80759,39.60372
24045,-75.63852,38.37287
24047,-75.34216,38.21567
24510,-76.60096,39.30613
25001,-70.30743,41.71372
25003,-73.19760,42.37371
25005,-71.10757,41.79997
25009,-70.95401,42.67373
25011,-72.58452,42.57962
25013,-72.63010,42.12565
25015,-72.65621,42.33288
25017,-71.39846,42.49998
25021,-71.21842,42.15436
25023,-70.80888,41.93304
25025,-71.08517,42.32553
25027,-71.90519,42.34502
26005,-85.89406,42.59122
26007,-83.62487,45.03430
26009,-85.16497,44.98810
26015,-85.30835,42.59514
26017,-83.99135,43.71123
26021,-86.41470,41.94962
26023,-85.05930,41.91600
26025,-85.00494,42.24634
26027,-86.00089,41.91643
26029,-85.17747,45.36485
26031,-84.49388,45.44500
26035,-84.84822,43.98798
26037,-84.60205,42.94469
26041,-86.90976,45.89992
26045,-84.83740,42.59599
26047,-84.88199,45.52128
26049,-83.70590,43.02244
26051,-84.38782,43.99092
26055,-85.55787,44.69406
26057,-84.60505,43.29266
26059,-84.59391,41.88702
26061,-88.67607,46.89370
26063,-83.05117,43.83300
26065,-84.37503,42.59788
26067,-85.07409,42.94484
26069,-83.63754,44.35564
26073,-84.84663,43.64065
26075,-84.42259,42.24807
26077,-85.53039,42.24542
26079,-85.08543,44.67383
26081,-85.54943,43.03181
26087,-83.22097,43.09013
26089,-85.80258,44.93111
26091,-84.06602,41.89480
26093,-83.91255,42.60384
26099,-82.92536,42.69275
26101,-86.06724,44.33410
26103,-87.63799,46.42669
26105,-86.25589,43.99465
26107,-85.32463,43.64064
26111,-84.38797,43.64521
26115,-83.53378,41.92456
26117,-85.15251,43.31066
26121,-86.14771,43.29054
26123,-85.80070,43.55437
26125,-83.38553,42.66071
26127,-86.26761,43.64220
26129,-84.12725,44.33481
26133,-85.32567,43.98992
26137,-84.59898,45.02086
26139,-86.00399,42.96000
26143,-84.61068,44.33473
26145,-84.05010,43.33431
26147,-82.67589,42.93279
26149,-85.53488,41.91332
26151,-82.82434,43.42456
26155,-84.14586,42.95393
26157,-83.42478,43.46799
26159,-86.02069,42.25224
26161,-83.83926,42.25367
26163,-83.28360,42.28369
26165,-85.57713,44.33854
27003,-93.25220,45.26957
27005,-95.67493,46.93523
27007,-94.93960,47.97479
27009,-93.99812,45.69867
27013,-94.06700,44.03554
27015,-94.73242,44.23915
27017,-92.67605,46.59181
27019,-93.80415,44.81788
27021,-94.31878,46.96540
27025,-92.91089,45.50548
27027,-96.49547,46.89153
27035,-94.06699,46.48175
27037,-93.06493,44.66918
27039,-92.86510,44.02318
27041,-95.45335,45.93348
27045,-92.08741,43.67218
27047,-93.34884,43.67385
27049,-92.72259,44.40947
27053,-93.47874,45.00178
27055,-91.48953,43.66974
27057,-94.91788,47.10874
27059,-93.29488,45.56181
27061,-93.63078,47.50851
27067,-95.00513,45.15226
27079,-93.73446,44.37278
27083,-95.84048,44.41371
27085,-94.27339,44.82369
27091,-94.55099,43.67429
27093,-94.52911,45.11755
27095,-93.62715,45.93274
27097,-94.26857,46.01268
27099,-92.75112,43.67286
27103,-94.26076,44.35150
27105,-95.75330,43.67436
27109,-92.40193,44.00275
27111,-95.70768,46.40898
27115,-92.73755,46.12270
27119,-96.39944,47.77360
27123,-93.11705,45.01223
27127,-95.25287,44.40421
27129,-94.94805,44.72718
27131,-93.29658,44.35432
27135,-95.80532,48.77583
27137,-92.46828,47.60494
27139,-93.52868,44.64877
27141,-93.76195,45.44428
27145,-94.61392,45.55046
27147,-93.22627,44.02241
27153,-94.89823,46.07101
27157,-92.23146,44.28411
27161,-93.58720,44.02211
27163,-92.89282,45.03577
27169,-91.78176,43.98816
27171,-93.96626,45.17825
28001,-91.34851,31.47814
28003,-88.57717,34.88233
28013,-89.34432,33.94153
28017,-88.95603,33.91933
28023,-88.68796,32.04544
28027,-90.60434,34.22381
28029,-90.45514,31.87408
28031,-89.55390,31.63225
28033,-89.99178,34.87570
28035,-89.25682,31.18782
28039,-88.64419,30.86294
28043,-89.79969,33.77172
28045,-89.48076,30.41763
28047,-89.11439,30.50704
28049,-90.44520,32.27058
28057,-88.36067,34.27993
28059,-88.63937,30.54272
28061,-89.11787,32.01922
28067,-89.16897,31.62258
28071,-89.48738,34.34875
28073,-89.50925,31.20767
28075,-88.66230,32.40420
28079,-89.52402,32.75368
28081,-88.67840,34.28505
28083,-90.30077,33.54924
28085,-90.45297,31.53767
28087,-88.44355,33.47190
28089,-90.03025,32.62790
28093,-89.50615,34.75619
28095,-88.48007,33.88709
28099,-89.11695,32.75304
28101,-89.11843,32.40021
28105,-88.87744,33.42362
28107,-89.94943,34.36697
28109,-89.57980,30.77272
28113,-90.40393,31.17508
28115,-89.03703,34.22333
28117,-88.53084,34.61691
28121,-89.94928,32.24880
28123,-89.54253,32.40560
28127,-89.92293,31.91153
28129,-89.50629,32.01702
28131,-89.11732,30.78612
28133,-90.58805,33.60531
28137,-89.93660,34.65039
28139,-88.90469,34.77318
28141,-88.24225,34.73905
28145,-88.99939,34.48719
28149,-90.84102,32.36057
28151,-90.94984,33.28566
28153,-88.69532,31.64530
28159,-89.03436,33.08722
28163,-90.39764,32.77989
29001,-92.60078,40.19059
29003,-94.80346,39.98243
29007,-91.84080,39.21778
29009,-93.83460,36.71000
29013,-94.33555,38.25460
29015,-93.29211,38.29470
29019,-92.30845,38.99331
29021,-94.79982,39.65928
29023,-90.41553,36.71375
29027,-91.92369,38.83683
29029,-92.76607,38.02477
29031,-89.68072,37.37520
29037,-94.35433,38.64684
29043,-93.18717,36.97030
29047,-94.41968,39.31170
29049,-94.40465,39.60131
29051,-92.28002,38.51019
29053,-92.80575,38.84219
29055,-91.30609,37.97658
29059,-93.02618,37.68034
29065,-91.50856,37.60726
29069,-90.08727,36.27645
29071,-91.07033,38.41392
29077,-93.34515,37.25757
29083,-93.78932,38.38778
29095,-94.34767,39.00871
29097,-94.33897,37.20410
29099,-90.53707,38.26137
29101,-93.80808,38.74307
29105,-92.59625,37.65938
29109,-93.83554,37.10491
29113,-90.95904,39.05784
29117,-93.54777,39.78173
29119,-94.34870,36.62859
29121,-92.56198,39.83210
29127,-91.61525,39.80048
29131,-92.42867,38.21397
29135,-92.58668,38.62735
29141,-92.88773,38.42186
29143,-89.65465,36.60046
29145,-94.33941,36.90519
29147,-94.88402,40.36222
29151,-91.86136,38.46036
29155,-89.79232,36.21347
29157,-89.81688,37.70352
29159,-93.28455,38.72854
29161,-91.79425,37.87099
29163,-91.17483,39.34614
29165,-94.77184,39.38298
29167,-93.40471,37.61997
29169,-92.21013,37.82033
29175,-92.49616,39.43973
29183,-90.68075,38.78420
29186,-90.18882,37.89309
29187,-90.47597,37.81210
29189,-90.43375,38.63883
29195,-93.19409,39.14020
29201,-89.55202,37.04746
29207,-89.94611,36.85570
29209,-93.45680,36.74839
29213,-93.04073,36.65472
29215,-91.96556,37.31716
29221,-90.87746,37.96252
29225,-92.87692,37.27960
29510,-90.23627,38.63905
30013,-111.34466,47.30857
30029,-114.05646,48.29562
30031,-111.17112,45.54602
30047,-114.09117,47.65145
30049,-112.38921,47.12662
30063,-113.90942,47.03532
30081,-114.11517,46.08444
30093,-112.65887,45.90984
30111,-108.26327,45.94086
31001,-98.50118,40.52449
31019,-99.07546,40.85966
31025,-96.14008,40.91058
31043,-96.56623,42.39084
31047,-99.81694,40.86821
31053,-96.65570,41.57505
31055,-96.16159,41.29566
31067,-96.68965,40.26199
31079,-98.50273,40.87230
31109,-96.69031,40.77710
31111,-100.74337,41.04645
31119,-97.60055,41.91676
31131,-96.13622,40.64792
31141,-97.52049,41.57079
31153,-96.10963,41.11333
31155,-96.64004,41.21613
31157,-103.70972,41.85088
31159,-97.14025,40.87255
31177,-96.22397,41.52855
31185,-97.59710,40.87273
32001,-118.34123,39.58066
32003,-115.00562,36.20584
32005,-119.61843,38.91440
32007,-115.35864,41.14632
32019,-119.19151,39.01696
32023,-116.47078,38.03701
32031,-119.66337,40.67678
32510,-119.75545,39.15809
33001,-71.42040,43.51514
33003,-71.20027,43.87427
33005,-72.25427,42.92500
33007,-71.31233,44.69632
33009,-71.82096,43.94358
33011,-71.73636,42.92405
33013,-71.67567,43.28819
33015,-71.11489,42.98770
33017,-71.02551,43.29057
33019,-72.20908,43.36298
34001,-74.66719,39.48344
34003,-74.07125,40.92536
34005,-74.68075,39.87888
34007,-74.95449,39.78894
34009,-74.78407,39.16479
34011,-75.10297,39.36185
34013,-74.24142,40.78643
34015,-75.13707,39.71443
34017,-74.10280,40.70363
34019,-74.91724,40.57308
34021,-74.70354,40.28503
34023,-74.40661,40.44875
34025,-74.24653,40.26146
34027,-74.54742,40.85817
34029,-74.28167,39.88671
34031,-74.30606,41.03680
34033,-75.35488,39.58445
34035,-74.61675,40.56317
34037,-74.68784,41.13363
34039,-74.30764,40.65614
34041,-74.99932,40.86219
35001,-106.66712,35.04660
35005,-104.46288,33.36573
35009,-103.34832,34.57433
35013,-106.82671,32.35018
35015,-104.30536,32.47166
35025,-103.41036,32.78995
35027,-105.46061,33.74694
35031,-108.26479,35.58291
35035,-105.73476,32.61366
35039,-106.69071,36.50560
35041,-103.48029,34.02088
35043,-106.87314,35.68472
35045,-108.31900,36.50861
35049,-105.97735,35.50349
35055,-105.63485,36.58050
35061,-106.82123,34.71284
36001,-73.96863,42.60423
36003,-78.02696,42.25587
36005,-73.86330,40.85153
36007,-75.81415,42.16029
36009,-78.67616,42.24913
36011,-76.55852,42.92225
36013,-79.36910,42.22598
36015,-76.75862,42.14114
36017,-75.61084,42.49272
36019,-73.67282,44.75291
36021,-73.62285,42.25164
36023,-76.07070,42.59570
36025,-74.95804,42.20136
36027,-73.73805,41.76742
36029,-78.72605,42.76356
36031,-73.77573,44.11948
36033,-74.30190,44.58965
36035,-74.42274,43.11741
36037,-78.18994,43.00006
36039,-74.12700,42.27752
36043,-74.96482,43.43519
36045,-75.94163,44.03736
36047,-73.96151,40.63438
36049,-75.44916,43.78139
36051,-77.78268,42.72301
36053,-75.68789,42.91483
36055,-77.69529,43.14766
36057,-74.44483,42.90307
36059,-73.59641,40.74735
36061,-73.96939,40.77198
36063,-78.74668,43.19432
36065,-75.43921,43.24024
36067,-76.20245,43.00068
36069,-77.30181,42.84989
36071,-74.30116,41.40706
36073,-78.23262,43.24953
36075,-76.15062,43.42662
36077,-75.02439,42.63831
36079,-73.75661,41.42445
36081,-73.82124,40.70615
36083,-73.50243,42.70997
36085,-74.13928,40.59258
36087,-74.03717,41.15448
36089,-75.06037,44.49959
36091,-73.87328,43.11086
36093,-74.04427,42.82270
36095,-74.43681,42.59352
36099,-76.82509,42.77744
36101,-77.38158,42.26855
36103,-72.85949,40.87568
36105,-74.77594,41.71969
36107,-76.31505,42.16431
36109,-76.47043,42.44990
36111,-74.26040,41.89011
36113,-73.84973,43.55924
36115,-73.43772,43.31196
36117,-77.03195,43.15332
36119,-73.75879,41.15995
36121,-78.22895,42.69964
36123,-77.10717,42.63174
37001,-79.39809,36.05101
37003,-81.17752,35.92023
37007,-80.09953,34.97411
37009,-81.50069,36.43446
37011,-81.92099,36.08808
37013,-76.83737,35.48881
37017,-78.56132,34.60896
37019,-78.23284,34.06209
37021,-82.52398,35.60574
37023,-81.71034,35.75025
37025,-80.54741,35.38586
37027,-81.54618,35.94823
37031,-76.55538,34.88087
37033,-79.33353,36.39313
37035,-81.21665,35.66250
37037,-79.25821,35.70827
37039,-84.06942,35.13654
37045,-81.56388,35.33648
37047,-78.64919,34.26343
37049,-77.08084,35.12386
37051,-78.82299,35.04696
37053,-75.94991,36.35588
37055,-75.72274,35.65473
37057,-80.21416,35.78596
37059,-80.55404,35.92106
37061,-77.94739,34.93641
37063,-78.87590,36.03821
37065,-77.59784,35.90553
37067,-80.25906,36.12485
37069,-78.28728,36.07047
37071,-81.18226,35.29485
37077,-78.64108,36.30430
37079,-77.67208,35.48730
37081,-79.78829,36.07964
37083,-77.65435,36.26054
37085,-78.87471,35.36849
37087,-82.98071,35.55454
37089,-82.47196,35.32824
37091,-76.97808,36.35946
37093,-79.23015,35.01844
37097,-80.87645,35.80449
37099,-83.14491,35.28289
37101,-78.35907,35.51383
37105,-79.16029,35.48499
37107,-77.64008,35.23981
37109,-81.22498,35.48552
37111,-82.05806,35.69118
37113,-83.42433,35.15207
37117,-77.11043,35.83873
37119,-80.83612,35.24490
37123,-79.88706,35.32552
37125,-79.46467,35.31145
37127,-77.98281,35.96887
37129,-77.87137,34.24759
37133,-77.42758,34.73156
37135,-79.11723,36.06401
37139,-76.25854,36.27113
37141,-77.89331,34.52425
37145,-78.97218,36.38979
37147,-77.36234,35.59392
37149,-82.16054,35.27818
37151,-79.80570,35.71018
37153,-79.74236,34.99655
37155,-79.10195,34.63561
37157,-79.77505,36.39593
37159,-80.52499,35.63602
37161,-81.92980,35.40503
37163,-78.37358,34.99137
37165,-79.48173,34.83912
37167,-80.24187,35.31584
37169,-80.23907,36.40265
37171,-80.68678,36.41350
37175,-82.80257,35.20567
37179,-80.53563,34.99282
37181,-78.40030,36.35810
37183,-78.65678,35.77988
37185,-78.12207,36.39686
37189,-81.69397,36.22474
37191,-77.99429,35.36577
37193,-81.16960,36.20363
37195,-77.91943,35.70499
37197,-80.66766,36.15835
38015,-100.47128,46.97740
38017,-97.25362,46.93383
38035,-97.45566,47.92114
38053,-103.39579,47.73850
38059,-101.28798,46.71914
38089,-102.65605,46.81171
38101,-101.54534,48.22131
38105,-103.48113,48.34395
39001,-83.47428,38.84456
39003,-84.10609,40.77504
39005,-82.27097,40.84427
39007,-80.74852,41.70864
39009,-82.04180,39.33335
39011,-84.21253,40.56336
39013,-80.99186,40.01647
39015,-83.86964,38.93345
39017,-84.58311,39.43973
39019,-81.08723,40.57766
39021,-83.76851,40.13730
39023,-83.78710,39.91617
39025,-84.14929,39.04797
39027,-83.80832,39.41202
39029,-80.77380,40.76544
39031,-81.92055,40.30205
39033,-82.91950,40.85059
39035,-81.65948,41.42542
39037,-84.61940,40.13413
39039,-84.48996,41.32369
39041,-83.00456,40.27937
39043,-82.62863,41.37200
39045,-82.63006,39.75196
39047,-83.45697,39.55975
39049,-83.00333,39.96982
39051,-84.12446,41.60219
39053,-82.32279,38.83181
39055,-81.18128,41.49819
39057,-83.87928,39.68743
39059,-81.48269,40.05197
39061,-84.53549,39.19187
39063,-83.66129,40.99948
39065,-83.66022,40.66052
39069,-84.06831,41.33396
39071,-83.59715,39.18575
39073,-82.47744,39.49258
39075,-81.93996,40.56278
39077,-82.59786,41.14663
39079,-82.62058,39.01493
39081,-80.77105,40.38307
39083,-82.42556,40.39762
39085,-81.22740,41.69179
39087,-82.53959,38.59948
39089,-82.48713,40.09435
39091,-83.76964,40.38879
39093,-82.15426,41.29112
39095,-83.64843,41.62842
39097,-83.39529,39.89700
39099,-80.77801,41.01293
39101,-83.16579,40.58781
39103,-81.89593,41.12034
39105,-82.02334,39.08988
39107,-84.62473,40.53860
39109,-84.22973,40.04696
39113,-84.28367,39.74906
39117,-82.79460,40.52428
39119,-81.94545,39.96739
39123,-83.10574,41.53995
39125,-84.58090,41.11711
39127,-82.24604,39.73958
39129,-83.02647,39.64123
39131,-83.07013,39.07562
39133,-81.19745,41.16789
39135,-84.64976,39.74757
39137,-84.12630,41.02525
39139,-82.54034,40.77834
39141,-83.05338,39.33709
39143,-83.14431,41.36404
39145,-82.99329,38.80641
39147,-83.12831,41.12383
39149,-84.20457,40.32896
39151,-81.36665,40.81086
39153,-81.53291,41.12253
39155,-80.76119,41.31736
39157,-81.48069,40.43876
39159,-83.37263,40.29937
39161,-84.57982,40.85454
39165,-84.17397,39.42692
39167,-81.49167,39.45984
39169,-81.89087,40.82810
39171,-84.58332,41.56074
39173,-83.62662,41.36481
39175,-83.29978,40.83800
40009,-99.68122,35.26859
40013,-96.26348,33.96951
40015,-98.37575,35.17373
40017,-97.98517,35.54456
40019,-97.28568,34.24747
40021,-94.99583,35.90515
40027,-97.32798,35.20293
40031,-98.47246,34.66386
40035,-95.20478,36.76087
40037,-96.37096,35.90166
40039,-98.99764,35.63865
40041,-94.80279,36.40790
40047,-97.78266,36.37913
40049,-97.30811,34.70418
40051,-97.88365,35.01941
40065,-99.41106,34.58853
40071,-97.14552,36.81931
40073,-97.94193,35.94530
40079,-94.70427,34.89463
40081,-96.88125,35.70271
40083,-97.44443,35.91810
40085,-97.24737,33.95427
40087,-97.44480,35.00835
40089,-94.77156,34.12258
40091,-95.66067,35.37999
40095,-96.77120,34.01833
40097,-95.23175,36.30179
40099,-97.07186,34.47642
40101,-95.38010,35.61177
40103,-97.23001,36.38801
40109,-97.40721,35.55130
40111,-95.96634,35.64691
40113,-96.40056,36.63325
40115,-94.81063,36.83484
40117,-96.68529,36.31260
40119,-96.97881,36.07629
40121,-95.75041,34.92797
40123,-96.68482,34.72620
40125,-96.94861,35.20546
40131,-95.60685,36.37007
40133,-96.61448,35.16341
40135,-94.75115,35.49167
40137,-97.85178,34.48550
40139,-101.48897,36.74778
40143,-95.94118,36.11748
40145,-95.50808,35.95594
40147,-95.90138,36.71805
40153,-99.26263,36.42529
41003,-123.42352,44.49363
41005,-122.20961,45.18437
41007,-123.65875,46.00119
41009,-123.09442,45.93907
41011,-124.06653,43.17856
41013,-120.35630,44.14230
41015,-124.15570,42.45473
41017,-121.23453,43.91424
41019,-123.16525,43.27561
41027,-121.63626,45.51104
41029,-122.72728,42.42621
41031,-121.17635,44.63109
41033,-123.55884,42.36633
41035,-121.65023,42.68708
41039,-122.85781,43.93734
41041,-123.86748,44.63877
41043,-122.52933,44.48267
41045,-117.62002,43.19539
41047,-122.58359,44.90031
41051,-122.39953,45.54278
41053,-123.40922,44.90415
41057,-123.71690,45.46531
41059,-118.73886,45.58988
41061,-118.01560,45.30950
41065,-121.16353,45.15924
41067,-123.08556,45.56203
41071,-123.30842,45.23423
42001,-77.21735,39.86782
42003,-79.97881,40.47428
42005,-79.46364,40.82044
42007,-80.34778,40.68089
42009,-78.48486,40.00734
42011,-75.92773,40.41391
42013,-78.34735,40.47605
42015,-76.51563,41.78881
42017,-75.10590,40.33045
42019,-79.90800,40.90998
42021,-78.71055,40.49844
42025,-75.70581,40.91101
42027,-77.81781,40.91968
42029,-75.75111,39.95910
42031,-79.42236,41.19427
42033,-78.47526,40.99809
42035,-77.63703,41.24198
42037,-76.41109,41.05269
42039,-80.10780,41.68652
42041,-77.26374,40.16245
42043,-76.77947,40.41470
42045,-75.38850,39.90849
42047,-78.65008,41.41885
42049,-80.03568,41.99244
42051,-79.64689,39.91852
42055,-77.72629,39.92347
42059,-80.22366,39.85702
42061,-77.97608,40.41219
42063,-79.08931,40.64742
42065,-79.00358,41.12555
42069,-75.60319,41.44085
42071,-76.24062,40.04959
42073,-80.33050,40.97936
42075,-76.46173,40.36922
42077,-75.59351,40.61125
42079,-75.97619,41.18391
42081,-77.04668,41.34631
42083,-78.56939,41.80378
42085,-80.25806,41.29509
42087,-77.61257,40.61438
42089,-75.34054,41.06218
42091,-75.36969,40.20865
42093,-76.67316,41.03619
42095,-75.31097,40.75340
42097,-76.70457,40.83969
42099,-77.25471,40.40319
42101,-75.13316,39.99888
42103,-75.02950,41.33281
42107,-76.20943,40.70899
42109,-77.07936,40.76078
42111,-79.02404,39.97778
42115,-75.79974,41.82252
42117,-77.25443,41.77252
42119,-77.05403,40.95503
42121,-79.75429,41.40253
42123,-79.27446,41.81301
42125,-80.24541,40.19745
42127,-75.30650,41.65285
42129,-79.48499,40.31053
42131,-76.01423,41.52673
42133,-76.72541,39.92229
44001,-71.28899,41.70712
44003,-71.58621,41.67688
44005,-71.26613,41.56953
44007,-71.57519,41.86734
44009,-71.61680,41.47378
45001,-82.46266,34.22786
45003,-81.64051,33.54203
45007,-82.63738,34.51486
45011,-81.42572,33.27278
45013,-80.73442,32.40157
45015,-79.94962,33.20435
45019,-79.94075,32.83507
45021,-81.60933,35.04646
45023,-81.16425,34.69075
45025,-80.15274,34.63394
45027,-80.20956,33.67592
45029,-80.67174,32.86742
45031,-79.94379,34.32720
45033,-79.38327,34.38785
45035,-80.40712,33.08681
45037,-81.96556,33.76966
45039,-81.11725,34.39670
45041,-79.70043,34.02314
45043,-79.32702,33.43973
45045,-82.36885,34.89800
45047,-82.12804,34.15464
45049,-81.14663,32.77077
45051,-78.99644,33.91805
45053,-81.03646,32.42694
45055,-80.59564,34.33819
45057,-80.71008,34.68943
45059,-82.01061,34.49004
45061,-80.25948,34.16715
45063,-81.27638,33.89477
45067,-79.36435,34.08557
45069,-79.67014,34.59962
45071,-81.59620,34.28937
45073,-83.06475,34.75125
45075,-80.81515,33.43617
45077,-82.72738,34.88841
45079,-80.91234,34.03184
45081,-81.71944,34.00654
45083,-81.98262,34.93451
45085,-80.38261,33.92389
45087,-81.61297,34.67900
45091,-81.19119,34.97297
46011,-96.79096,44.36975
46013,-98.35198,45.59004
46029,-97.18833,44.97795
46035,-98.14448,43.67487
46065,-99.99766,44.38827
46081,-103.79255,44.35476
46083,-96.71905,43.28036
46093,-102.71534,44.56554
46099,-96.79106,43.67441
46103,-102.82876,44.00309
46127,-96.65382,42.84159
46135,-97.39522,43.00813
47001,-84.19336,36.12489
47003,-86.45688,35.51073
47005,-88.06229,36.07070
47009,-83.91225,35.68607
47011,-84.86626,35.15098
47013,-84.15641,36.40712
47015,-86.05514,35.81173
47017,-88.44573,35.96121
47019,-82.14220,36.29371
47021,-87.08284,36.26553
47023,-88.60085,35.43115
47025,-83.67208,36.49194
47029,-83.12385,35.92466
47031,-86.07638,35.49695
47033,-89.15137,35.82159
47035,-85.01456,35.94543
47037,-86.78202,36.16817
47041,-85.83824,35.98134
47043,-87.35911,36.15235
47045,-89.42514,36.06110
47047,-89.41320,35.19546
47049,-84.94448,36.36546
47051,-86.09404,35.15369
47053,-88.93812,36.00057
47055,-87.03403,35.19800
47057,-83.51262,36.27617
47059,-82.82998,36.17050
47063,-83.26277,36.21357
47065,-85.16610,35.18010
47069,-88.99149,35.20432
47071,-88.19075,35.19976
47073,-82.94401,36.43996
47075,-89.28063,35.57743
47077,-88.38514,35.64866
47079,-88.29719,36.32856
47081,-87.47902,35.80572
47085,-87.77742,36.03767
47089,-83.44728,36.05088
47091,-81.85270,36.44651
47093,-83.93707,35.99752
47097,-89.62225,35.75340
47099,-87.39916,35.21229
47103,-86.58737,35.14247
47105,-84.30767,35.72849
47107,-84.61784,35.42015
47109,-88.56677,35.17480
47111,-86.00253,36.53533
47113,-88.84218,35.61148
47115,-85.63176,35.12600
47117,-86.76827,35.47140
47119,-87.08489,35.61541
47121,-84.80538,35.51412
47123,-84.24820,35.44604
47125,-87.37638,36.49789
47129,-84.65470,36.13560
47131,-89.16256,36.35787
47133,-85.29367,36.35353
47139,-84.52430,35.12029
47141,-85.48405,36.14332
47143,-84.90997,35.60989
47145,-84.51549,35.85299
47147,-86.86446,36.52680
47149,-86.40919,35.84794
47151,-84.51626,36.43259
47153,-85.41080,35.37155
47155,-83.52225,35.78785
47157,-89.90512,35.18830
47159,-85.94916,36.25621
47163,-82.30144,36.51996
47165,-86.45434,36.46804
47167,-89.74087,35.49751
47171,-82.43941,36.11241
47173,-83.83207,36.29467
47177,-85.76285,35.67538
47179,-82.48808,36.30811
47183,-88.71751,36.30194
47185,-85.46979,35.91684
47187,-86.89815,35.88885
47189,-86.29080,36.15714
48001,-95.65861,31.81192
48003,-102.63776,32.30460
48005,-94.61652,31.26005
48007,-97.00459,28.10148
48013,-98.52629,28.88624
48015,-96.26329,29.88495
48019,-99.25002,29.74789
48021,-97.31933,30.10665
48025,-97.74318,28.41594
48027,-97.48141,31.03271
48029,-98.52276,29.44873
48035,-97.63317,31.89824
48037,-94.42236,33.44514
48039,-95.45155,29.18765
48041,-96.30630,30.65275
48049,-98.99694,31.77442
48051,-96.62579,30.49112
48053,-98.17649,30.78442
48055,-97.61260,29.84642
48057,-96.61701,28.46984
48061,-97.48928,26.15003
48067,-94.34794,33.07509
48071,-94.66535,29.70640
48073,-95.16545,31.83409
48085,-96.57258,33.18818
48089,-96.51824,29.62770
48091,-98.28310,29.81174
48093,-98.55854,31.94462
48097,-97.21184,33.63701
48099,-97.79936,31.39078
48113,-96.77899,32.76714
48117,-102.60542,34.96523
48121,-97.11685,33.20495
48123,-97.35695,29.08077
48133,-98.83244,32.32744
48135,-102.54294,31.86899
48139,-96.79690,32.34795
48141,-106.23964,31.77743
48143,-98.21776,32.23598
48145,-96.93624,31.25297
48147,-96.11033,33.59723
48149,-96.92347,29.87982
48157,-95.77683,29.53248
48161,-96.15041,31.70401
48163,-99.10804,28.86751
48165,-102.63505,32.74053
48167,-94.90858,29.39482
48171,-98.94677,30.31824
48177,-97.48803,29.46201
48179,-100.81292,35.40082
48181,-96.67552,33.62775
48183,-94.82761,32.48668
48185,-95.98749,30.54389
48187,-97.94904,29.58597
48189,-101.82673,34.07045
48199,-94.38891,30.33584
48201,-95.39547,29.85878
48203,-94.36985,32.55067
48209,-98.02729,30.05429
48213,-95.84285,32.21221
48215,-98.18392,26.39407
48217,-97.13056,31.99010
48219,-102.34317,33.60771
48221,-97.83245,32.42989
48223,-95.56375,33.14983
48225,-95.41283,31.31756
48227,-101.43564,32.30621
48231,-96.08551,33.12352
48233,-101.35466,35.84007
48239,-96.57798,28.95741
48241,-94.03697,30.74556
48245,-94.16287,29.87145
48249,-98.09207,27.72929
48251,-97.36596,32.37724
48253,-99.87820,32.73862
48255,-97.86052,28.90197
48257,-96.29221,32.60101
48259,-98.71131,29.94515
48265,-99.34930,30.06040
48273,-97.69218,27.42987
48277,-95.57041,33.67235
48281,-98.24670,31.19603
48285,-96.92868,29.37984
48287,-96.96993,30.31577
48289,-95.98402,31.29682
48291,-94.81335,30.15233
48293,-96.57995,31.54490
48299,-98.68258,30.70742
48303,-101.82048,33.61009
48309,-97.20218,31.55255
48321,-96.01931,28.81789
48323,-100.31500,28.74277
48325,-99.10888,29.35741
48329,-102.03157,31.86904
48331,-96.98535,30.78223
48337,-97.71935,33.67453
48339,-95.50412,30.30453
48341,-101.89303,35.83769
48343,-94.73320,33.11597
48347,-94.61092,31.62032
48349,-96.46836,32.04925
48353,-100.40604,32.30390
48355,-97.53929,27.73753
48361,-93.89177,30.11592
48363,-98.31317,32.75311
48365,-94.29427,32.16156
48367,-97.80498,32.77764
48371,-102.72004,30.77924
48373,-94.83642,30.80350
48375,-101.89396,35.40134
48379,-95.79403,32.87410
48381,-101.89713,34.96586
48389,-103.68979,31.32737
48395,-96.50869,31.03190
48397,-96.41100,32.90453
48401,-94.75432,32.11381
48407,-95.16091,30.57474
48409,-97.52419,28.01355
48415,-100.91619,32.74694
48419,-94.14440,31.78385
48423,-95.26503,32.37884
48425,-97.77227,32.22082
48427,-98.74931,26.56879
48439,-97.29111,32.77141
48441,-99.89058,32.30025
48449,-94.96890,33.21051
48451,-100.45979,31.40294
48453,-97.79232,30.33744
48455,-95.14000,31.08838
48457,-94.37520,30.77087
48459,-94.93932,32.73935
48463,-99.76229,29.35740
48465,-101.15716,29.89586
48467,-95.83692,32.56834
48469,-96.96678,28.80010
48471,-95.57232,30.74128
48473,-95.98871,30.00686
48475,-103.09069,31.50963
48477,-96.40408,30.20739
48479,-99.33156,27.76188
48481,-96.22707,29.27341
48485,-98.70109,33.99119
48491,-97.59769,30.64037
48493,-98.08350,29.17438
48497,-97.65445,33.21566
48499,-95.38401,32.78769
48503,-98.68791,33.17660
49003,-113.08622,41.52091
49005,-111.74208,41.72292
49007,-110.58884,39.64772
49011,-112.10503,40.98884
49013,-110.42728,40.30433
49021,-113.28874,37.86055
49035,-111.92879,40.66119
49039,-111.57334,39.37540
49043,-110.95346,40.87538
49045,-113.13267,40.44843
49047,-109.51781,40.13730
49049,-111.67595,40.11467
49051,-111.17667,40.33458
49053,-113.50451,37.28226
49057,-111.91418,41.26734
50001,-73.14042,44.02681
50003,-73.09029,43.04174
50005,-72.10179,44.46186
50007,-73.09190,44.46319
50011,-72.91367,44.85758
50015,-72.65024,44.60358
50017,-72.37872,44.00687
50019,-72.25239,44.83159
50021,-73.03213,43.57615
50023,-72.61298,44.27049
50025,-72.70716,42.98858
50027,-72.57860,43.59323
51001,-75.62657,37.76542
51003,-78.55813,38.02880
51009,-79.14381,37.61025
51011,-78.81261,37.37484
51013,-77.10936,38.88072
51015,-79.13722,38.16354
51019,-79.52668,37.31581
51023,-79.81223,37.56150
51027,-82.04318,37.26899
51031,-79.09783,37.20945
51033,-77.34983,38.02823
51035,-80.74071,36.73362
51041,-77.57733,37.37955
51047,-77.96133,38.48882
51053,-77.63731,37.07767
51059,-77.27764,38.83406
51061,-77.80558,38.73422
51065,-78.26984,37.84587
51067,-79.88442,36.98189
51069,-78.26354,39.20603
51071,-80.69417,37.31333
51073,-76.53830,37.41627
51075,-77.91794,37.72496
51079,-78.46566,38.29912
51083,-78.93285,36.76639
51085,-77.49513,37.76793
51087,-77.41261,37.55701
51089,-79.87337,36.67640
51093,-76.70003,36.91463
51095,-76.78169,37.32162
51099,-77.15342,38.26758
51101,-77.11194,37.72264
51105,-83.10626,36.71014
51107,-77.63421,39.08376
51109,-77.96571,37.97311
51117,-78.35545,36.68418
51121,-80.39480,37.17373
51127,-77.00255,37.50797
51137,-78.02492,38.24145
51139,-78.47840,38.61696
51141,-80.29387,36.67195
51143,-79.39555,36.82333
51145,-77.90722,37.55424
51149,-77.22199,37.19025
51153,-77.48295,38.70444
51155,-80.70585,37.06614
51161,-80.05675,37.26365
51163,-79.45503,37.81735
51165,-78.87731,38.50919
51167,-82.10030,36.93160
51169,-82.59702,36.71424
51171,-78.56993,38.84950
51173,-81.53790,36.83223
51175,-77.10764,36.72137
51177,-77.66173,38.18451
51179,-77.44378,38.41490
51185,-81.56373,37.12269
51187,-78.22156,38.91317
51191,-81.95869,36.72351
51195,-82.61776,36.97519
51197,-81.07921,36.92628
51199,-76.53719,37.23702
51510,-77.08150,38.81700
51520,-82.17349,36.62223
51540,-78.48727,38.04455
51550,-76.28641,36.67746
51570,-77.39613,37.25637
51590,-79.41124,36.58483
51600,-77.28985,38.85713
51630,-77.48169,38.30424
51650,-76.35477,37.03448
51660,-78.87571,38.43558
51670,-77.31469,37.29796
51680,-79.19570,37.41117
51683,-77.48610,38.75704
51700,-76.50486,37.07448
51710,-76.26478,36.90708
51730,-77.38874,37.20891
51740,-76.36026,36.86553
51760,-77.48465,37.53385
51770,-79.96290,37.26852
51775,-80.05873,37.28609
51790,-79.05237,38.16266
51800,-76.62860,36.69497
51810,-76.03924,36.74032
51820,-78.91234,38.06561
51840,-78.16964,39.17366
53003,-117.20604,46.19544
53005,-119.51869,46.24081
53007,-120.62660,47.85754
53009,-123.89807,48.04391
53011,-122.48227,45.78366
53015,-122.68729,46.19148
53017,-119.69784,47.73047
53021,-118.89001,46.53377
53025,-119.44998,47.20260
53027,-123.78817,47.14408
53029,-122.52711,48.13158
53031,-123.57434,47.75004
53033,-121.83503,47.49421
53035,-122.65579,47.63010
53037,-120.67571,47.11903
53041,-122.40052,46.58116
53045,-123.18048,47.35164
53047,-119.74349,48.54402
53049,-123.73476,46.54789
53053,-122.14207,47.03919
53057,-121.76572,48.48507
53061,-121.72890,48.04736
53063,-117.40452,47.62116
53065,-117.84936,48.38819
53067,-122.84305,46.94119
53071,-118.48526,46.22392
53073,-121.75534,48.82588
53077,-120.73786,46.45749
54001,-79.99799,39.13559
54003,-78.02338,39.46559
54005,-81.70907,38.02111
54009,-80.58709,40.27705
54011,-82.22991,38.42821
54019,-81.08194,38.02817
54025,-80.44502,37.94602
54027,-78.61223,39.31987
54029,-80.58184,40.51067
54033,-80.38003,39.28138
54035,-81.67202,38.83710
54037,-77.85723,39.30533
54039,-81.52590,38.33124
54041,-80.49135,38.99064
54043,-82.07256,38.17312
54045,-81.93990,37.82404
54049,-80.25154,39.51323
54051,-80.66347,39.86402
54053,-82.02806,38.76417
54055,-81.10749,37.40174
54057,-78.94353,39.41416
54061,-80.04409,39.63028
54065,-78.25756,39.55090
54067,-80.79570,38.29894
54069,-80.61934,40.09668
54077,-79.66643,39.46833
54079,-81.89814,38.50863
54081,-81.24905,37.76433
54083,-79.87580,38.77260
54097,-80.22779,38.89831
54099,-82.42519,38.15145
54107,-81.50861,39.20996
55001,-89.76693,43.97525
55005,-91.84834,45.42373
55009,-88.00580,44.45085
55015,-88.21780,44.08163
55017,-91.28126,45.06915
55019,-90.61202,44.73569
55021,-89.33211,43.46881
55025,-89.41887,43.06677
55027,-88.70782,43.41553
55029,-87.32745,44.93611
55031,-91.91537,46.44033
55033,-91.89930,44.94694
55035,-91.28609,44.72661
55039,-88.48885,43.75355
55043,-90.71058,42.86921
55045,-89.60360,42.67671
55049,-90.13164,42.99912
55053,-90.80145,44.31733
55055,-88.77463,43.02050
55057,-90.11066,43.92025
55059,-88.03626,42.57671
55063,-91.11601,43.90356
55065,-90.13187,42.65981
55069,-89.73411,45.33738
55071,-87.80146,44.11643
55073,-89.75861,44.89794
55075,-88.02983,45.37377
55079,-87.96158,43.00599
55081,-90.61605,43.94404
55083,-88.26580,45.02364
55085,-89.51967,45.69793
55087,-88.46567,44.41576
55089,-87.94572,43.37901
55093,-92.41948,44.71788
55095,-92.44252,45.46091
55097,-89.50156,44.47559
55101,-88.07251,42.74687
55105,-89.07149,42.67152
55109,-92.45593,45.03386
55111,-89.94637,43.42861
55113,-91.14505,45.87932
55115,-88.76359,44.78879
55117,-87.94499,43.72070
55121,-91.35939,44.29810
55123,-90.82700,43.59347
55125,-89.52293,46.04123
55127,-88.54161,42.66854
55131,-88.23042,43.36865
55133,-88.30312,43.01832
55135,-88.96533,44.47067
55137,-89.24317,44.11324
55139,-88.64478,44.06882
55141,-90.04112,44.45569
56001,-105.72523,41.65163
56005,-105.54668,44.24854
56013,-108.62912,43.03987
56021,-104.68849,41.30672
56025,-106.80364,42.96668
56029,-109.58890,44.51952
56033,-106.88445,44.78967
56037,-108.88219,41.65996
56039,-110.59111,43.93284
56041,-110.54750,41.28826
